Asset	Data	Hora	Último	Abertura	Máximo	Mínimo	Fechamento Anterior	Strike	Variação	Média	Nome do Ativo	Negócios	Semana	Mês	6 meses	Ano	Vencimento	ADX	SERMEDIA
WDOFUT	=profitchart|cot!'WDOFUT.DAT'	=profitchart|cot!'WDOFUT.HOR'	=profitchart|cot!'WDOFUT.ULT'	=profitchart|cot!'WDOFUT.ABE'	=profitchart|cot!'WDOFUT.MAX'	=profitchart|cot!'WDOFUT.MIN'	=profitchart|cot!'WDOFUT.FEC'	=profitchart|cot!'WDOFUT.PEX'	=profitchart|cot!'WDOFUT.VAR'	=profitchart|cot!'WDOFUT.MED'	Dolar Mini	=profitchart|cot!'WDOFUT.NEG'	=profitchart|cot!'WDOFUT.SEM'	=profitchart|cot!'WDOFUT.MES'	=profitchart|cot!'WDOFUT.6M'	=profitchart|cot!'WDOFUT.ANO'	=profitchart|cot!'WDOFUT.VEN'	=profitchart|cot!'WDOFUT.22'	=profitchart|cot!'WDOFUT.101_SERMEDIA'
WDON25	=profitchart|cot!'WDON25.DAT'	=profitchart|cot!'WDON25.HOR'	=profitchart|cot!'WDON25.ULT'	=profitchart|cot!'WDON25.ABE'	=profitchart|cot!'WDON25.MAX'	=profitchart|cot!'WDON25.MIN'	=profitchart|cot!'WDON25.FEC'	=profitchart|cot!'WDON25.PEX'	=profitchart|cot!'WDON25.VAR'	=profitchart|cot!'WDON25.MED'	Dolar Mini	=profitchart|cot!'WDON25.NEG'	=profitchart|cot!'WDON25.SEM'	=profitchart|cot!'WDON25.MES'	=profitchart|cot!'WDON25.6M'	=profitchart|cot!'WDON25.ANO'	=profitchart|cot!'WDON25.VEN'	=profitchart|cot!'WDON25.22'	=profitchart|cot!'WDON25.101_SERMEDIA'
WINQ25	=profitchart|cot!'WINQ25.DAT'	=profitchart|cot!'WINQ25.HOR'	=profitchart|cot!'WINQ25.ULT'	=profitchart|cot!'WINQ25.ABE'	=profitchart|cot!'WINQ25.MAX'	=profitchart|cot!'WINQ25.MIN'	=profitchart|cot!'WINQ25.FEC'	=profitchart|cot!'WINQ25.PEX'	=profitchart|cot!'WINQ25.VAR'	=profitchart|cot!'WINQ25.MED'	Ibovespa Mini	=profitchart|cot!'WINQ25.NEG'	=profitchart|cot!'WINQ25.SEM'	=profitchart|cot!'WINQ25.MES'	=profitchart|cot!'WINQ25.6M'	=profitchart|cot!'WINQ25.ANO'	=profitchart|cot!'WINQ25.VEN'	=profitchart|cot!'WINQ25.22'	=profitchart|cot!'WINQ25.101_SERMEDIA'
WINFUT	=profitchart|cot!'WINFUT.DAT'	=profitchart|cot!'WINFUT.HOR'	=profitchart|cot!'WINFUT.ULT'	=profitchart|cot!'WINFUT.ABE'	=profitchart|cot!'WINFUT.MAX'	=profitchart|cot!'WINFUT.MIN'	=profitchart|cot!'WINFUT.FEC'	=profitchart|cot!'WINFUT.PEX'	=profitchart|cot!'WINFUT.VAR'	=profitchart|cot!'WINFUT.MED'	Ibovespa Mini	=profitchart|cot!'WINFUT.NEG'	=profitchart|cot!'WINFUT.SEM'	=profitchart|cot!'WINFUT.MES'	=profitchart|cot!'WINFUT.6M'	=profitchart|cot!'WINFUT.ANO'	=profitchart|cot!'WINFUT.VEN'	=profitchart|cot!'WINFUT.22'	=profitchart|cot!'WINFUT.101_SERMEDIA'
PETR4F	=profitchart|cot!'PETR4F.DAT'	=profitchart|cot!'PETR4F.HOR'	=profitchart|cot!'PETR4F.ULT'	=profitchart|cot!'PETR4F.ABE'	=profitchart|cot!'PETR4F.MAX'	=profitchart|cot!'PETR4F.MIN'	=profitchart|cot!'PETR4F.FEC'	=profitchart|cot!'PETR4F.PEX'	=profitchart|cot!'PETR4F.VAR'	=profitchart|cot!'PETR4F.MED'	Petrobras PN N2	=profitchart|cot!'PETR4F.NEG'	=profitchart|cot!'PETR4F.SEM'	=profitchart|cot!'PETR4F.MES'	=profitchart|cot!'PETR4F.6M'	=profitchart|cot!'PETR4F.ANO'	=profitchart|cot!'PETR4F.VEN'	=profitchart|cot!'PETR4F.22'	=profitchart|cot!'PETR4F.101_SERMEDIA'
PETR4	=profitchart|cot!'PETR4.DAT'	=profitchart|cot!'PETR4.HOR'	=profitchart|cot!'PETR4.ULT'	=profitchart|cot!'PETR4.ABE'	=profitchart|cot!'PETR4.MAX'	=profitchart|cot!'PETR4.MIN'	=profitchart|cot!'PETR4.FEC'	=profitchart|cot!'PETR4.PEX'	=profitchart|cot!'PETR4.VAR'	=profitchart|cot!'PETR4.MED'	Petrobras PN N2	=profitchart|cot!'PETR4.NEG'	=profitchart|cot!'PETR4.SEM'	=profitchart|cot!'PETR4.MES'	=profitchart|cot!'PETR4.6M'	=profitchart|cot!'PETR4.ANO'	=profitchart|cot!'PETR4.VEN'	=profitchart|cot!'PETR4.22'	=profitchart|cot!'PETR4.101_SERMEDIA'
NVDC34	=profitchart|cot!'NVDC34.DAT'	=profitchart|cot!'NVDC34.HOR'	=profitchart|cot!'NVDC34.ULT'	=profitchart|cot!'NVDC34.ABE'	=profitchart|cot!'NVDC34.MAX'	=profitchart|cot!'NVDC34.MIN'	=profitchart|cot!'NVDC34.FEC'	=profitchart|cot!'NVDC34.PEX'	=profitchart|cot!'NVDC34.VAR'	=profitchart|cot!'NVDC34.MED'	Nvidia Corp DRN	=profitchart|cot!'NVDC34.NEG'	=profitchart|cot!'NVDC34.SEM'	=profitchart|cot!'NVDC34.MES'	=profitchart|cot!'NVDC34.6M'	=profitchart|cot!'NVDC34.ANO'	=profitchart|cot!'NVDC34.VEN'	=profitchart|cot!'NVDC34.22'	=profitchart|cot!'NVDC34.101_SERMEDIA'
GOAU4	=profitchart|cot!'GOAU4.DAT'	=profitchart|cot!'GOAU4.HOR'	=profitchart|cot!'GOAU4.ULT'	=profitchart|cot!'GOAU4.ABE'	=profitchart|cot!'GOAU4.MAX'	=profitchart|cot!'GOAU4.MIN'	=profitchart|cot!'GOAU4.FEC'	=profitchart|cot!'GOAU4.PEX'	=profitchart|cot!'GOAU4.VAR'	=profitchart|cot!'GOAU4.MED'	Gerdau Met PN N1	=profitchart|cot!'GOAU4.NEG'	=profitchart|cot!'GOAU4.SEM'	=profitchart|cot!'GOAU4.MES'	=profitchart|cot!'GOAU4.6M'	=profitchart|cot!'GOAU4.ANO'	=profitchart|cot!'GOAU4.VEN'	=profitchart|cot!'GOAU4.22'	=profitchart|cot!'GOAU4.101_SERMEDIA'
GOAU3F	=profitchart|cot!'GOAU3F.DAT'	=profitchart|cot!'GOAU3F.HOR'	=profitchart|cot!'GOAU3F.ULT'	=profitchart|cot!'GOAU3F.ABE'	=profitchart|cot!'GOAU3F.MAX'	=profitchart|cot!'GOAU3F.MIN'	=profitchart|cot!'GOAU3F.FEC'	=profitchart|cot!'GOAU3F.PEX'	=profitchart|cot!'GOAU3F.VAR'	=profitchart|cot!'GOAU3F.MED'	Gerdau Met ON N1	=profitchart|cot!'GOAU3F.NEG'	=profitchart|cot!'GOAU3F.SEM'	=profitchart|cot!'GOAU3F.MES'	=profitchart|cot!'GOAU3F.6M'	=profitchart|cot!'GOAU3F.ANO'	=profitchart|cot!'GOAU3F.VEN'	=profitchart|cot!'GOAU3F.22'	=profitchart|cot!'GOAU3F.101_SERMEDIA'
BRKM5	=profitchart|cot!'BRKM5.DAT'	=profitchart|cot!'BRKM5.HOR'	=profitchart|cot!'BRKM5.ULT'	=profitchart|cot!'BRKM5.ABE'	=profitchart|cot!'BRKM5.MAX'	=profitchart|cot!'BRKM5.MIN'	=profitchart|cot!'BRKM5.FEC'	=profitchart|cot!'BRKM5.PEX'	=profitchart|cot!'BRKM5.VAR'	=profitchart|cot!'BRKM5.MED'	Braskem PNA N1	=profitchart|cot!'BRKM5.NEG'	=profitchart|cot!'BRKM5.SEM'	=profitchart|cot!'BRKM5.MES'	=profitchart|cot!'BRKM5.6M'	=profitchart|cot!'BRKM5.ANO'	=profitchart|cot!'BRKM5.VEN'	=profitchart|cot!'BRKM5.22'	=profitchart|cot!'BRKM5.101_SERMEDIA'
INDFUT	=profitchart|cot!'INDFUT.DAT'	=profitchart|cot!'INDFUT.HOR'	=profitchart|cot!'INDFUT.ULT'	=profitchart|cot!'INDFUT.ABE'	=profitchart|cot!'INDFUT.MAX'	=profitchart|cot!'INDFUT.MIN'	=profitchart|cot!'INDFUT.FEC'	=profitchart|cot!'INDFUT.PEX'	=profitchart|cot!'INDFUT.VAR'	=profitchart|cot!'INDFUT.MED'	Indice Bovespa	=profitchart|cot!'INDFUT.NEG'	=profitchart|cot!'INDFUT.SEM'	=profitchart|cot!'INDFUT.MES'	=profitchart|cot!'INDFUT.6M'	=profitchart|cot!'INDFUT.ANO'	=profitchart|cot!'INDFUT.VEN'	=profitchart|cot!'INDFUT.22'	=profitchart|cot!'INDFUT.101_SERMEDIA'
MRVE3	=profitchart|cot!'MRVE3.DAT'	=profitchart|cot!'MRVE3.HOR'	=profitchart|cot!'MRVE3.ULT'	=profitchart|cot!'MRVE3.ABE'	=profitchart|cot!'MRVE3.MAX'	=profitchart|cot!'MRVE3.MIN'	=profitchart|cot!'MRVE3.FEC'	=profitchart|cot!'MRVE3.PEX'	=profitchart|cot!'MRVE3.VAR'	=profitchart|cot!'MRVE3.MED'	Mrv ON NM	=profitchart|cot!'MRVE3.NEG'	=profitchart|cot!'MRVE3.SEM'	=profitchart|cot!'MRVE3.MES'	=profitchart|cot!'MRVE3.6M'	=profitchart|cot!'MRVE3.ANO'	=profitchart|cot!'MRVE3.VEN'	=profitchart|cot!'MRVE3.22'	=profitchart|cot!'MRVE3.101_SERMEDIA'
B3SA3	=profitchart|cot!'B3SA3.DAT'	=profitchart|cot!'B3SA3.HOR'	=profitchart|cot!'B3SA3.ULT'	=profitchart|cot!'B3SA3.ABE'	=profitchart|cot!'B3SA3.MAX'	=profitchart|cot!'B3SA3.MIN'	=profitchart|cot!'B3SA3.FEC'	=profitchart|cot!'B3SA3.PEX'	=profitchart|cot!'B3SA3.VAR'	=profitchart|cot!'B3SA3.MED'	B3 ON NM	=profitchart|cot!'B3SA3.NEG'	=profitchart|cot!'B3SA3.SEM'	=profitchart|cot!'B3SA3.MES'	=profitchart|cot!'B3SA3.6M'	=profitchart|cot!'B3SA3.ANO'	=profitchart|cot!'B3SA3.VEN'	=profitchart|cot!'B3SA3.22'	=profitchart|cot!'B3SA3.101_SERMEDIA'
ITSA4	=profitchart|cot!'ITSA4.DAT'	=profitchart|cot!'ITSA4.HOR'	=profitchart|cot!'ITSA4.ULT'	=profitchart|cot!'ITSA4.ABE'	=profitchart|cot!'ITSA4.MAX'	=profitchart|cot!'ITSA4.MIN'	=profitchart|cot!'ITSA4.FEC'	=profitchart|cot!'ITSA4.PEX'	=profitchart|cot!'ITSA4.VAR'	=profitchart|cot!'ITSA4.MED'	Itausa PN N1	=profitchart|cot!'ITSA4.NEG'	=profitchart|cot!'ITSA4.SEM'	=profitchart|cot!'ITSA4.MES'	=profitchart|cot!'ITSA4.6M'	=profitchart|cot!'ITSA4.ANO'	=profitchart|cot!'ITSA4.VEN'	=profitchart|cot!'ITSA4.22'	=profitchart|cot!'ITSA4.101_SERMEDIA'
CYRE3	=profitchart|cot!'CYRE3.DAT'	=profitchart|cot!'CYRE3.HOR'	=profitchart|cot!'CYRE3.ULT'	=profitchart|cot!'CYRE3.ABE'	=profitchart|cot!'CYRE3.MAX'	=profitchart|cot!'CYRE3.MIN'	=profitchart|cot!'CYRE3.FEC'	=profitchart|cot!'CYRE3.PEX'	=profitchart|cot!'CYRE3.VAR'	=profitchart|cot!'CYRE3.MED'	Cyrela Realt ON NM	=profitchart|cot!'CYRE3.NEG'	=profitchart|cot!'CYRE3.SEM'	=profitchart|cot!'CYRE3.MES'	=profitchart|cot!'CYRE3.6M'	=profitchart|cot!'CYRE3.ANO'	=profitchart|cot!'CYRE3.VEN'	=profitchart|cot!'CYRE3.22'	=profitchart|cot!'CYRE3.101_SERMEDIA'
RENT3	=profitchart|cot!'RENT3.DAT'	=profitchart|cot!'RENT3.HOR'	=profitchart|cot!'RENT3.ULT'	=profitchart|cot!'RENT3.ABE'	=profitchart|cot!'RENT3.MAX'	=profitchart|cot!'RENT3.MIN'	=profitchart|cot!'RENT3.FEC'	=profitchart|cot!'RENT3.PEX'	=profitchart|cot!'RENT3.VAR'	=profitchart|cot!'RENT3.MED'	Localiza ON NM	=profitchart|cot!'RENT3.NEG'	=profitchart|cot!'RENT3.SEM'	=profitchart|cot!'RENT3.MES'	=profitchart|cot!'RENT3.6M'	=profitchart|cot!'RENT3.ANO'	=profitchart|cot!'RENT3.VEN'	=profitchart|cot!'RENT3.22'	=profitchart|cot!'RENT3.101_SERMEDIA'
GFSA3	=profitchart|cot!'GFSA3.DAT'	=profitchart|cot!'GFSA3.HOR'	=profitchart|cot!'GFSA3.ULT'	=profitchart|cot!'GFSA3.ABE'	=profitchart|cot!'GFSA3.MAX'	=profitchart|cot!'GFSA3.MIN'	=profitchart|cot!'GFSA3.FEC'	=profitchart|cot!'GFSA3.PEX'	=profitchart|cot!'GFSA3.VAR'	=profitchart|cot!'GFSA3.MED'	Gafisa ON NM	=profitchart|cot!'GFSA3.NEG'	=profitchart|cot!'GFSA3.SEM'	=profitchart|cot!'GFSA3.MES'	=profitchart|cot!'GFSA3.6M'	=profitchart|cot!'GFSA3.ANO'	=profitchart|cot!'GFSA3.VEN'	=profitchart|cot!'GFSA3.22'	=profitchart|cot!'GFSA3.101_SERMEDIA'
DOLPT	=profitchart|cot!'DOLPT.DAT'	=profitchart|cot!'DOLPT.HOR'	=profitchart|cot!'DOLPT.ULT'	=profitchart|cot!'DOLPT.ABE'	=profitchart|cot!'DOLPT.MAX'	=profitchart|cot!'DOLPT.MIN'	=profitchart|cot!'DOLPT.FEC'	=profitchart|cot!'DOLPT.PEX'	=profitchart|cot!'DOLPT.VAR'	=profitchart|cot!'DOLPT.MED'	Dolar Ptax	=profitchart|cot!'DOLPT.NEG'	=profitchart|cot!'DOLPT.SEM'	=profitchart|cot!'DOLPT.MES'	=profitchart|cot!'DOLPT.6M'	=profitchart|cot!'DOLPT.ANO'	=profitchart|cot!'DOLPT.VEN'	=profitchart|cot!'DOLPT.22'	=profitchart|cot!'DOLPT.101_SERMEDIA'
CMIG4	=profitchart|cot!'CMIG4.DAT'	=profitchart|cot!'CMIG4.HOR'	=profitchart|cot!'CMIG4.ULT'	=profitchart|cot!'CMIG4.ABE'	=profitchart|cot!'CMIG4.MAX'	=profitchart|cot!'CMIG4.MIN'	=profitchart|cot!'CMIG4.FEC'	=profitchart|cot!'CMIG4.PEX'	=profitchart|cot!'CMIG4.VAR'	=profitchart|cot!'CMIG4.MED'	Cemig PN N1	=profitchart|cot!'CMIG4.NEG'	=profitchart|cot!'CMIG4.SEM'	=profitchart|cot!'CMIG4.MES'	=profitchart|cot!'CMIG4.6M'	=profitchart|cot!'CMIG4.ANO'	=profitchart|cot!'CMIG4.VEN'	=profitchart|cot!'CMIG4.22'	=profitchart|cot!'CMIG4.101_SERMEDIA'
USIM5	=profitchart|cot!'USIM5.DAT'	=profitchart|cot!'USIM5.HOR'	=profitchart|cot!'USIM5.ULT'	=profitchart|cot!'USIM5.ABE'	=profitchart|cot!'USIM5.MAX'	=profitchart|cot!'USIM5.MIN'	=profitchart|cot!'USIM5.FEC'	=profitchart|cot!'USIM5.PEX'	=profitchart|cot!'USIM5.VAR'	=profitchart|cot!'USIM5.MED'	Usiminas PNA N1	=profitchart|cot!'USIM5.NEG'	=profitchart|cot!'USIM5.SEM'	=profitchart|cot!'USIM5.MES'	=profitchart|cot!'USIM5.6M'	=profitchart|cot!'USIM5.ANO'	=profitchart|cot!'USIM5.VEN'	=profitchart|cot!'USIM5.22'	=profitchart|cot!'USIM5.101_SERMEDIA'
IBOV	=profitchart|cot!'IBOV.DAT'	=profitchart|cot!'IBOV.HOR'	=profitchart|cot!'IBOV.ULT'	=profitchart|cot!'IBOV.ABE'	=profitchart|cot!'IBOV.MAX'	=profitchart|cot!'IBOV.MIN'	=profitchart|cot!'IBOV.FEC'	=profitchart|cot!'IBOV.PEX'	=profitchart|cot!'IBOV.VAR'	=profitchart|cot!'IBOV.MED'	Ibovespa	=profitchart|cot!'IBOV.NEG'	=profitchart|cot!'IBOV.SEM'	=profitchart|cot!'IBOV.MES'	=profitchart|cot!'IBOV.6M'	=profitchart|cot!'IBOV.ANO'	=profitchart|cot!'IBOV.VEN'	=profitchart|cot!'IBOV.22'	=profitchart|cot!'IBOV.101_SERMEDIA'
SUZB3	=profitchart|cot!'SUZB3.DAT'	=profitchart|cot!'SUZB3.HOR'	=profitchart|cot!'SUZB3.ULT'	=profitchart|cot!'SUZB3.ABE'	=profitchart|cot!'SUZB3.MAX'	=profitchart|cot!'SUZB3.MIN'	=profitchart|cot!'SUZB3.FEC'	=profitchart|cot!'SUZB3.PEX'	=profitchart|cot!'SUZB3.VAR'	=profitchart|cot!'SUZB3.MED'	Suzano S.A. ON NM	=profitchart|cot!'SUZB3.NEG'	=profitchart|cot!'SUZB3.SEM'	=profitchart|cot!'SUZB3.MES'	=profitchart|cot!'SUZB3.6M'	=profitchart|cot!'SUZB3.ANO'	=profitchart|cot!'SUZB3.VEN'	=profitchart|cot!'SUZB3.22'	=profitchart|cot!'SUZB3.101_SERMEDIA'
ITUB4	=profitchart|cot!'ITUB4.DAT'	=profitchart|cot!'ITUB4.HOR'	=profitchart|cot!'ITUB4.ULT'	=profitchart|cot!'ITUB4.ABE'	=profitchart|cot!'ITUB4.MAX'	=profitchart|cot!'ITUB4.MIN'	=profitchart|cot!'ITUB4.FEC'	=profitchart|cot!'ITUB4.PEX'	=profitchart|cot!'ITUB4.VAR'	=profitchart|cot!'ITUB4.MED'	Itauunibanco PN N1	=profitchart|cot!'ITUB4.NEG'	=profitchart|cot!'ITUB4.SEM'	=profitchart|cot!'ITUB4.MES'	=profitchart|cot!'ITUB4.6M'	=profitchart|cot!'ITUB4.ANO'	=profitchart|cot!'ITUB4.VEN'	=profitchart|cot!'ITUB4.22'	=profitchart|cot!'ITUB4.101_SERMEDIA'
GGBR4	=profitchart|cot!'GGBR4.DAT'	=profitchart|cot!'GGBR4.HOR'	=profitchart|cot!'GGBR4.ULT'	=profitchart|cot!'GGBR4.ABE'	=profitchart|cot!'GGBR4.MAX'	=profitchart|cot!'GGBR4.MIN'	=profitchart|cot!'GGBR4.FEC'	=profitchart|cot!'GGBR4.PEX'	=profitchart|cot!'GGBR4.VAR'	=profitchart|cot!'GGBR4.MED'	Gerdau PN N1	=profitchart|cot!'GGBR4.NEG'	=profitchart|cot!'GGBR4.SEM'	=profitchart|cot!'GGBR4.MES'	=profitchart|cot!'GGBR4.6M'	=profitchart|cot!'GGBR4.ANO'	=profitchart|cot!'GGBR4.VEN'	=profitchart|cot!'GGBR4.22'	=profitchart|cot!'GGBR4.101_SERMEDIA'
BRAP4	=profitchart|cot!'BRAP4.DAT'	=profitchart|cot!'BRAP4.HOR'	=profitchart|cot!'BRAP4.ULT'	=profitchart|cot!'BRAP4.ABE'	=profitchart|cot!'BRAP4.MAX'	=profitchart|cot!'BRAP4.MIN'	=profitchart|cot!'BRAP4.FEC'	=profitchart|cot!'BRAP4.PEX'	=profitchart|cot!'BRAP4.VAR'	=profitchart|cot!'BRAP4.MED'	Bradespar PN N1	=profitchart|cot!'BRAP4.NEG'	=profitchart|cot!'BRAP4.SEM'	=profitchart|cot!'BRAP4.MES'	=profitchart|cot!'BRAP4.6M'	=profitchart|cot!'BRAP4.ANO'	=profitchart|cot!'BRAP4.VEN'	=profitchart|cot!'BRAP4.22'	=profitchart|cot!'BRAP4.101_SERMEDIA'
DOLFUT	=profitchart|cot!'DOLFUT.DAT'	=profitchart|cot!'DOLFUT.HOR'	=profitchart|cot!'DOLFUT.ULT'	=profitchart|cot!'DOLFUT.ABE'	=profitchart|cot!'DOLFUT.MAX'	=profitchart|cot!'DOLFUT.MIN'	=profitchart|cot!'DOLFUT.FEC'	=profitchart|cot!'DOLFUT.PEX'	=profitchart|cot!'DOLFUT.VAR'	=profitchart|cot!'DOLFUT.MED'	Dolar Comercial Futuro	=profitchart|cot!'DOLFUT.NEG'	=profitchart|cot!'DOLFUT.SEM'	=profitchart|cot!'DOLFUT.MES'	=profitchart|cot!'DOLFUT.6M'	=profitchart|cot!'DOLFUT.ANO'	=profitchart|cot!'DOLFUT.VEN'	=profitchart|cot!'DOLFUT.22'	=profitchart|cot!'DOLFUT.101_SERMEDIA'
BBDC4	=profitchart|cot!'BBDC4.DAT'	=profitchart|cot!'BBDC4.HOR'	=profitchart|cot!'BBDC4.ULT'	=profitchart|cot!'BBDC4.ABE'	=profitchart|cot!'BBDC4.MAX'	=profitchart|cot!'BBDC4.MIN'	=profitchart|cot!'BBDC4.FEC'	=profitchart|cot!'BBDC4.PEX'	=profitchart|cot!'BBDC4.VAR'	=profitchart|cot!'BBDC4.MED'	Bradesco PN N1	=profitchart|cot!'BBDC4.NEG'	=profitchart|cot!'BBDC4.SEM'	=profitchart|cot!'BBDC4.MES'	=profitchart|cot!'BBDC4.6M'	=profitchart|cot!'BBDC4.ANO'	=profitchart|cot!'BBDC4.VEN'	=profitchart|cot!'BBDC4.22'	=profitchart|cot!'BBDC4.101_SERMEDIA'
CSNA3	=profitchart|cot!'CSNA3.DAT'	=profitchart|cot!'CSNA3.HOR'	=profitchart|cot!'CSNA3.ULT'	=profitchart|cot!'CSNA3.ABE'	=profitchart|cot!'CSNA3.MAX'	=profitchart|cot!'CSNA3.MIN'	=profitchart|cot!'CSNA3.FEC'	=profitchart|cot!'CSNA3.PEX'	=profitchart|cot!'CSNA3.VAR'	=profitchart|cot!'CSNA3.MED'	Sid Nacional ON	=profitchart|cot!'CSNA3.NEG'	=profitchart|cot!'CSNA3.SEM'	=profitchart|cot!'CSNA3.MES'	=profitchart|cot!'CSNA3.6M'	=profitchart|cot!'CSNA3.ANO'	=profitchart|cot!'CSNA3.VEN'	=profitchart|cot!'CSNA3.22'	=profitchart|cot!'CSNA3.101_SERMEDIA'
EMBR3	=profitchart|cot!'EMBR3.DAT'	=profitchart|cot!'EMBR3.HOR'	=profitchart|cot!'EMBR3.ULT'	=profitchart|cot!'EMBR3.ABE'	=profitchart|cot!'EMBR3.MAX'	=profitchart|cot!'EMBR3.MIN'	=profitchart|cot!'EMBR3.FEC'	=profitchart|cot!'EMBR3.PEX'	=profitchart|cot!'EMBR3.VAR'	=profitchart|cot!'EMBR3.MED'	Embraer ON NM	=profitchart|cot!'EMBR3.NEG'	=profitchart|cot!'EMBR3.SEM'	=profitchart|cot!'EMBR3.MES'	=profitchart|cot!'EMBR3.6M'	=profitchart|cot!'EMBR3.ANO'	=profitchart|cot!'EMBR3.VEN'	=profitchart|cot!'EMBR3.22'	=profitchart|cot!'EMBR3.101_SERMEDIA'
CIEL3	=profitchart|cot!'CIEL3.DAT'	=profitchart|cot!'CIEL3.HOR'	=profitchart|cot!'CIEL3.ULT'	=profitchart|cot!'CIEL3.ABE'	=profitchart|cot!'CIEL3.MAX'	=profitchart|cot!'CIEL3.MIN'	=profitchart|cot!'CIEL3.FEC'	=profitchart|cot!'CIEL3.PEX'	=profitchart|cot!'CIEL3.VAR'	=profitchart|cot!'CIEL3.MED'	Cielo ON NM	=profitchart|cot!'CIEL3.NEG'	=profitchart|cot!'CIEL3.SEM'	=profitchart|cot!'CIEL3.MES'	=profitchart|cot!'CIEL3.6M'	=profitchart|cot!'CIEL3.ANO'	=profitchart|cot!'CIEL3.VEN'	=profitchart|cot!'CIEL3.22'	=profitchart|cot!'CIEL3.101_SERMEDIA'
ABEV3	=profitchart|cot!'ABEV3.DAT'	=profitchart|cot!'ABEV3.HOR'	=profitchart|cot!'ABEV3.ULT'	=profitchart|cot!'ABEV3.ABE'	=profitchart|cot!'ABEV3.MAX'	=profitchart|cot!'ABEV3.MIN'	=profitchart|cot!'ABEV3.FEC'	=profitchart|cot!'ABEV3.PEX'	=profitchart|cot!'ABEV3.VAR'	=profitchart|cot!'ABEV3.MED'	Ambev S/A ON	=profitchart|cot!'ABEV3.NEG'	=profitchart|cot!'ABEV3.SEM'	=profitchart|cot!'ABEV3.MES'	=profitchart|cot!'ABEV3.6M'	=profitchart|cot!'ABEV3.ANO'	=profitchart|cot!'ABEV3.VEN'	=profitchart|cot!'ABEV3.22'	=profitchart|cot!'ABEV3.101_SERMEDIA'
BRFS3	=profitchart|cot!'BRFS3.DAT'	=profitchart|cot!'BRFS3.HOR'	=profitchart|cot!'BRFS3.ULT'	=profitchart|cot!'BRFS3.ABE'	=profitchart|cot!'BRFS3.MAX'	=profitchart|cot!'BRFS3.MIN'	=profitchart|cot!'BRFS3.FEC'	=profitchart|cot!'BRFS3.PEX'	=profitchart|cot!'BRFS3.VAR'	=profitchart|cot!'BRFS3.MED'	Brf Sa ON NM	=profitchart|cot!'BRFS3.NEG'	=profitchart|cot!'BRFS3.SEM'	=profitchart|cot!'BRFS3.MES'	=profitchart|cot!'BRFS3.6M'	=profitchart|cot!'BRFS3.ANO'	=profitchart|cot!'BRFS3.VEN'	=profitchart|cot!'BRFS3.22'	=profitchart|cot!'BRFS3.101_SERMEDIA'
LREN3	=profitchart|cot!'LREN3.DAT'	=profitchart|cot!'LREN3.HOR'	=profitchart|cot!'LREN3.ULT'	=profitchart|cot!'LREN3.ABE'	=profitchart|cot!'LREN3.MAX'	=profitchart|cot!'LREN3.MIN'	=profitchart|cot!'LREN3.FEC'	=profitchart|cot!'LREN3.PEX'	=profitchart|cot!'LREN3.VAR'	=profitchart|cot!'LREN3.MED'	Lojas Renner ON NM	=profitchart|cot!'LREN3.NEG'	=profitchart|cot!'LREN3.SEM'	=profitchart|cot!'LREN3.MES'	=profitchart|cot!'LREN3.6M'	=profitchart|cot!'LREN3.ANO'	=profitchart|cot!'LREN3.VEN'	=profitchart|cot!'LREN3.22'	=profitchart|cot!'LREN3.101_SERMEDIA'
ECOR3	=profitchart|cot!'ECOR3.DAT'	=profitchart|cot!'ECOR3.HOR'	=profitchart|cot!'ECOR3.ULT'	=profitchart|cot!'ECOR3.ABE'	=profitchart|cot!'ECOR3.MAX'	=profitchart|cot!'ECOR3.MIN'	=profitchart|cot!'ECOR3.FEC'	=profitchart|cot!'ECOR3.PEX'	=profitchart|cot!'ECOR3.VAR'	=profitchart|cot!'ECOR3.MED'	Ecorodovias ON NM	=profitchart|cot!'ECOR3.NEG'	=profitchart|cot!'ECOR3.SEM'	=profitchart|cot!'ECOR3.MES'	=profitchart|cot!'ECOR3.6M'	=profitchart|cot!'ECOR3.ANO'	=profitchart|cot!'ECOR3.VEN'	=profitchart|cot!'ECOR3.22'	=profitchart|cot!'ECOR3.101_SERMEDIA'
VIVT3	=profitchart|cot!'VIVT3.DAT'	=profitchart|cot!'VIVT3.HOR'	=profitchart|cot!'VIVT3.ULT'	=profitchart|cot!'VIVT3.ABE'	=profitchart|cot!'VIVT3.MAX'	=profitchart|cot!'VIVT3.MIN'	=profitchart|cot!'VIVT3.FEC'	=profitchart|cot!'VIVT3.PEX'	=profitchart|cot!'VIVT3.VAR'	=profitchart|cot!'VIVT3.MED'	Telef Brasil ON	=profitchart|cot!'VIVT3.NEG'	=profitchart|cot!'VIVT3.SEM'	=profitchart|cot!'VIVT3.MES'	=profitchart|cot!'VIVT3.6M'	=profitchart|cot!'VIVT3.ANO'	=profitchart|cot!'VIVT3.VEN'	=profitchart|cot!'VIVT3.22'	=profitchart|cot!'VIVT3.101_SERMEDIA'
VALE3	=profitchart|cot!'VALE3.DAT'	=profitchart|cot!'VALE3.HOR'	=profitchart|cot!'VALE3.ULT'	=profitchart|cot!'VALE3.ABE'	=profitchart|cot!'VALE3.MAX'	=profitchart|cot!'VALE3.MIN'	=profitchart|cot!'VALE3.FEC'	=profitchart|cot!'VALE3.PEX'	=profitchart|cot!'VALE3.VAR'	=profitchart|cot!'VALE3.MED'	Vale ON NM	=profitchart|cot!'VALE3.NEG'	=profitchart|cot!'VALE3.SEM'	=profitchart|cot!'VALE3.MES'	=profitchart|cot!'VALE3.6M'	=profitchart|cot!'VALE3.ANO'	=profitchart|cot!'VALE3.VEN'	=profitchart|cot!'VALE3.22'	=profitchart|cot!'VALE3.101_SERMEDIA'
BBAS3	=profitchart|cot!'BBAS3.DAT'	=profitchart|cot!'BBAS3.HOR'	=profitchart|cot!'BBAS3.ULT'	=profitchart|cot!'BBAS3.ABE'	=profitchart|cot!'BBAS3.MAX'	=profitchart|cot!'BBAS3.MIN'	=profitchart|cot!'BBAS3.FEC'	=profitchart|cot!'BBAS3.PEX'	=profitchart|cot!'BBAS3.VAR'	=profitchart|cot!'BBAS3.MED'	Brasil ON NM	=profitchart|cot!'BBAS3.NEG'	=profitchart|cot!'BBAS3.SEM'	=profitchart|cot!'BBAS3.MES'	=profitchart|cot!'BBAS3.6M'	=profitchart|cot!'BBAS3.ANO'	=profitchart|cot!'BBAS3.VEN'	=profitchart|cot!'BBAS3.22'	=profitchart|cot!'BBAS3.101_SERMEDIA'
MGLU3	=profitchart|cot!'MGLU3.DAT'	=profitchart|cot!'MGLU3.HOR'	=profitchart|cot!'MGLU3.ULT'	=profitchart|cot!'MGLU3.ABE'	=profitchart|cot!'MGLU3.MAX'	=profitchart|cot!'MGLU3.MIN'	=profitchart|cot!'MGLU3.FEC'	=profitchart|cot!'MGLU3.PEX'	=profitchart|cot!'MGLU3.VAR'	=profitchart|cot!'MGLU3.MED'	Magaz Luiza ON NM	=profitchart|cot!'MGLU3.NEG'	=profitchart|cot!'MGLU3.SEM'	=profitchart|cot!'MGLU3.MES'	=profitchart|cot!'MGLU3.6M'	=profitchart|cot!'MGLU3.ANO'	=profitchart|cot!'MGLU3.VEN'	=profitchart|cot!'MGLU3.22'	=profitchart|cot!'MGLU3.101_SERMEDIA'
PETR3	=profitchart|cot!'PETR3.DAT'	=profitchart|cot!'PETR3.HOR'	=profitchart|cot!'PETR3.ULT'	=profitchart|cot!'PETR3.ABE'	=profitchart|cot!'PETR3.MAX'	=profitchart|cot!'PETR3.MIN'	=profitchart|cot!'PETR3.FEC'	=profitchart|cot!'PETR3.PEX'	=profitchart|cot!'PETR3.VAR'	=profitchart|cot!'PETR3.MED'	Petrobras ON N2	=profitchart|cot!'PETR3.NEG'	=profitchart|cot!'PETR3.SEM'	=profitchart|cot!'PETR3.MES'	=profitchart|cot!'PETR3.6M'	=profitchart|cot!'PETR3.ANO'	=profitchart|cot!'PETR3.VEN'	=profitchart|cot!'PETR3.22'	=profitchart|cot!'PETR3.101_SERMEDIA'
ELET3	=profitchart|cot!'ELET3.DAT'	=profitchart|cot!'ELET3.HOR'	=profitchart|cot!'ELET3.ULT'	=profitchart|cot!'ELET3.ABE'	=profitchart|cot!'ELET3.MAX'	=profitchart|cot!'ELET3.MIN'	=profitchart|cot!'ELET3.FEC'	=profitchart|cot!'ELET3.PEX'	=profitchart|cot!'ELET3.VAR'	=profitchart|cot!'ELET3.MED'	Eletrobras ON N1	=profitchart|cot!'ELET3.NEG'	=profitchart|cot!'ELET3.SEM'	=profitchart|cot!'ELET3.MES'	=profitchart|cot!'ELET3.6M'	=profitchart|cot!'ELET3.ANO'	=profitchart|cot!'ELET3.VEN'	=profitchart|cot!'ELET3.22'	=profitchart|cot!'ELET3.101_SERMEDIA'
WEGE3	=profitchart|cot!'WEGE3.DAT'	=profitchart|cot!'WEGE3.HOR'	=profitchart|cot!'WEGE3.ULT'	=profitchart|cot!'WEGE3.ABE'	=profitchart|cot!'WEGE3.MAX'	=profitchart|cot!'WEGE3.MIN'	=profitchart|cot!'WEGE3.FEC'	=profitchart|cot!'WEGE3.PEX'	=profitchart|cot!'WEGE3.VAR'	=profitchart|cot!'WEGE3.MED'	Weg ON NM	=profitchart|cot!'WEGE3.NEG'	=profitchart|cot!'WEGE3.SEM'	=profitchart|cot!'WEGE3.MES'	=profitchart|cot!'WEGE3.6M'	=profitchart|cot!'WEGE3.ANO'	=profitchart|cot!'WEGE3.VEN'	=profitchart|cot!'WEGE3.22'	=profitchart|cot!'WEGE3.101_SERMEDIA'
BPAC11	=profitchart|cot!'BPAC11.DAT'	=profitchart|cot!'BPAC11.HOR'	=profitchart|cot!'BPAC11.ULT'	=profitchart|cot!'BPAC11.ABE'	=profitchart|cot!'BPAC11.MAX'	=profitchart|cot!'BPAC11.MIN'	=profitchart|cot!'BPAC11.FEC'	=profitchart|cot!'BPAC11.PEX'	=profitchart|cot!'BPAC11.VAR'	=profitchart|cot!'BPAC11.MED'	Btgp Banco UNT N2	=profitchart|cot!'BPAC11.NEG'	=profitchart|cot!'BPAC11.SEM'	=profitchart|cot!'BPAC11.MES'	=profitchart|cot!'BPAC11.6M'	=profitchart|cot!'BPAC11.ANO'	=profitchart|cot!'BPAC11.VEN'	=profitchart|cot!'BPAC11.22'	=profitchart|cot!'BPAC11.101_SERMEDIA'
EQTL3	=profitchart|cot!'EQTL3.DAT'	=profitchart|cot!'EQTL3.HOR'	=profitchart|cot!'EQTL3.ULT'	=profitchart|cot!'EQTL3.ABE'	=profitchart|cot!'EQTL3.MAX'	=profitchart|cot!'EQTL3.MIN'	=profitchart|cot!'EQTL3.FEC'	=profitchart|cot!'EQTL3.PEX'	=profitchart|cot!'EQTL3.VAR'	=profitchart|cot!'EQTL3.MED'	Equatorial ON NM	=profitchart|cot!'EQTL3.NEG'	=profitchart|cot!'EQTL3.SEM'	=profitchart|cot!'EQTL3.MES'	=profitchart|cot!'EQTL3.6M'	=profitchart|cot!'EQTL3.ANO'	=profitchart|cot!'EQTL3.VEN'	=profitchart|cot!'EQTL3.22'	=profitchart|cot!'EQTL3.101_SERMEDIA'
PRIO3	=profitchart|cot!'PRIO3.DAT'	=profitchart|cot!'PRIO3.HOR'	=profitchart|cot!'PRIO3.ULT'	=profitchart|cot!'PRIO3.ABE'	=profitchart|cot!'PRIO3.MAX'	=profitchart|cot!'PRIO3.MIN'	=profitchart|cot!'PRIO3.FEC'	=profitchart|cot!'PRIO3.PEX'	=profitchart|cot!'PRIO3.VAR'	=profitchart|cot!'PRIO3.MED'	Petrorio ON NM	=profitchart|cot!'PRIO3.NEG'	=profitchart|cot!'PRIO3.SEM'	=profitchart|cot!'PRIO3.MES'	=profitchart|cot!'PRIO3.6M'	=profitchart|cot!'PRIO3.ANO'	=profitchart|cot!'PRIO3.VEN'	=profitchart|cot!'PRIO3.22'	=profitchart|cot!'PRIO3.101_SERMEDIA'
RADL3	=profitchart|cot!'RADL3.DAT'	=profitchart|cot!'RADL3.HOR'	=profitchart|cot!'RADL3.ULT'	=profitchart|cot!'RADL3.ABE'	=profitchart|cot!'RADL3.MAX'	=profitchart|cot!'RADL3.MIN'	=profitchart|cot!'RADL3.FEC'	=profitchart|cot!'RADL3.PEX'	=profitchart|cot!'RADL3.VAR'	=profitchart|cot!'RADL3.MED'	Raiadrogasil ON NM	=profitchart|cot!'RADL3.NEG'	=profitchart|cot!'RADL3.SEM'	=profitchart|cot!'RADL3.MES'	=profitchart|cot!'RADL3.6M'	=profitchart|cot!'RADL3.ANO'	=profitchart|cot!'RADL3.VEN'	=profitchart|cot!'RADL3.22'	=profitchart|cot!'RADL3.101_SERMEDIA'
JBSS3	=profitchart|cot!'JBSS3.DAT'	=profitchart|cot!'JBSS3.HOR'	=profitchart|cot!'JBSS3.ULT'	=profitchart|cot!'JBSS3.ABE'	=profitchart|cot!'JBSS3.MAX'	=profitchart|cot!'JBSS3.MIN'	=profitchart|cot!'JBSS3.FEC'	=profitchart|cot!'JBSS3.PEX'	=profitchart|cot!'JBSS3.VAR'	=profitchart|cot!'JBSS3.MED'	Jbs ON NM	=profitchart|cot!'JBSS3.NEG'	=profitchart|cot!'JBSS3.SEM'	=profitchart|cot!'JBSS3.MES'	=profitchart|cot!'JBSS3.6M'	=profitchart|cot!'JBSS3.ANO'	=profitchart|cot!'JBSS3.VEN'	=profitchart|cot!'JBSS3.22'	=profitchart|cot!'JBSS3.101_SERMEDIA'
RDOR3	=profitchart|cot!'RDOR3.DAT'	=profitchart|cot!'RDOR3.HOR'	=profitchart|cot!'RDOR3.ULT'	=profitchart|cot!'RDOR3.ABE'	=profitchart|cot!'RDOR3.MAX'	=profitchart|cot!'RDOR3.MIN'	=profitchart|cot!'RDOR3.FEC'	=profitchart|cot!'RDOR3.PEX'	=profitchart|cot!'RDOR3.VAR'	=profitchart|cot!'RDOR3.MED'	Rede D Or ON NM	=profitchart|cot!'RDOR3.NEG'	=profitchart|cot!'RDOR3.SEM'	=profitchart|cot!'RDOR3.MES'	=profitchart|cot!'RDOR3.6M'	=profitchart|cot!'RDOR3.ANO'	=profitchart|cot!'RDOR3.VEN'	=profitchart|cot!'RDOR3.22'	=profitchart|cot!'RDOR3.101_SERMEDIA'
TOTS3	=profitchart|cot!'TOTS3.DAT'	=profitchart|cot!'TOTS3.HOR'	=profitchart|cot!'TOTS3.ULT'	=profitchart|cot!'TOTS3.ABE'	=profitchart|cot!'TOTS3.MAX'	=profitchart|cot!'TOTS3.MIN'	=profitchart|cot!'TOTS3.FEC'	=profitchart|cot!'TOTS3.PEX'	=profitchart|cot!'TOTS3.VAR'	=profitchart|cot!'TOTS3.MED'	Totvs ON NM	=profitchart|cot!'TOTS3.NEG'	=profitchart|cot!'TOTS3.SEM'	=profitchart|cot!'TOTS3.MES'	=profitchart|cot!'TOTS3.6M'	=profitchart|cot!'TOTS3.ANO'	=profitchart|cot!'TOTS3.VEN'	=profitchart|cot!'TOTS3.22'	=profitchart|cot!'TOTS3.101_SERMEDIA'
WDOQ25	=profitchart|cot!'WDOQ25.DAT'	=profitchart|cot!'WDOQ25.HOR'	=profitchart|cot!'WDOQ25.ULT'	=profitchart|cot!'WDOQ25.ABE'	=profitchart|cot!'WDOQ25.MAX'	=profitchart|cot!'WDOQ25.MIN'	=profitchart|cot!'WDOQ25.FEC'	=profitchart|cot!'WDOQ25.PEX'	=profitchart|cot!'WDOQ25.VAR'	=profitchart|cot!'WDOQ25.MED'	Dolar Mini	=profitchart|cot!'WDOQ25.NEG'	=profitchart|cot!'WDOQ25.SEM'	=profitchart|cot!'WDOQ25.MES'	=profitchart|cot!'WDOQ25.6M'	=profitchart|cot!'WDOQ25.ANO'	=profitchart|cot!'WDOQ25.VEN'	=profitchart|cot!'WDOQ25.22'	=profitchart|cot!'WDOQ25.101_SERMEDIA'
TTEN3	=profitchart|cot!'TTEN3.DAT'	=profitchart|cot!'TTEN3.HOR'	=profitchart|cot!'TTEN3.ULT'	=profitchart|cot!'TTEN3.ABE'	=profitchart|cot!'TTEN3.MAX'	=profitchart|cot!'TTEN3.MIN'	=profitchart|cot!'TTEN3.FEC'	=profitchart|cot!'TTEN3.PEX'	=profitchart|cot!'TTEN3.VAR'	=profitchart|cot!'TTEN3.MED'	3tentos ON NM	=profitchart|cot!'TTEN3.NEG'	=profitchart|cot!'TTEN3.SEM'	=profitchart|cot!'TTEN3.MES'	=profitchart|cot!'TTEN3.6M'	=profitchart|cot!'TTEN3.ANO'	=profitchart|cot!'TTEN3.VEN'	=profitchart|cot!'TTEN3.22'	=profitchart|cot!'TTEN3.101_SERMEDIA'
SLCE3	=profitchart|cot!'SLCE3.DAT'	=profitchart|cot!'SLCE3.HOR'	=profitchart|cot!'SLCE3.ULT'	=profitchart|cot!'SLCE3.ABE'	=profitchart|cot!'SLCE3.MAX'	=profitchart|cot!'SLCE3.MIN'	=profitchart|cot!'SLCE3.FEC'	=profitchart|cot!'SLCE3.PEX'	=profitchart|cot!'SLCE3.VAR'	=profitchart|cot!'SLCE3.MED'	Slc Agricola ON NM	=profitchart|cot!'SLCE3.NEG'	=profitchart|cot!'SLCE3.SEM'	=profitchart|cot!'SLCE3.MES'	=profitchart|cot!'SLCE3.6M'	=profitchart|cot!'SLCE3.ANO'	=profitchart|cot!'SLCE3.VEN'	=profitchart|cot!'SLCE3.22'	=profitchart|cot!'SLCE3.101_SERMEDIA'
RAIL3	=profitchart|cot!'RAIL3.DAT'	=profitchart|cot!'RAIL3.HOR'	=profitchart|cot!'RAIL3.ULT'	=profitchart|cot!'RAIL3.ABE'	=profitchart|cot!'RAIL3.MAX'	=profitchart|cot!'RAIL3.MIN'	=profitchart|cot!'RAIL3.FEC'	=profitchart|cot!'RAIL3.PEX'	=profitchart|cot!'RAIL3.VAR'	=profitchart|cot!'RAIL3.MED'	Rumo S.A. ON NM	=profitchart|cot!'RAIL3.NEG'	=profitchart|cot!'RAIL3.SEM'	=profitchart|cot!'RAIL3.MES'	=profitchart|cot!'RAIL3.6M'	=profitchart|cot!'RAIL3.ANO'	=profitchart|cot!'RAIL3.VEN'	=profitchart|cot!'RAIL3.22'	=profitchart|cot!'RAIL3.101_SERMEDIA'
RCSL3	=profitchart|cot!'RCSL3.DAT'	=profitchart|cot!'RCSL3.HOR'	=profitchart|cot!'RCSL3.ULT'	=profitchart|cot!'RCSL3.ABE'	=profitchart|cot!'RCSL3.MAX'	=profitchart|cot!'RCSL3.MIN'	=profitchart|cot!'RCSL3.FEC'	=profitchart|cot!'RCSL3.PEX'	=profitchart|cot!'RCSL3.VAR'	=profitchart|cot!'RCSL3.MED'	Recrusul ON	=profitchart|cot!'RCSL3.NEG'	=profitchart|cot!'RCSL3.SEM'	=profitchart|cot!'RCSL3.MES'	=profitchart|cot!'RCSL3.6M'	=profitchart|cot!'RCSL3.ANO'	=profitchart|cot!'RCSL3.VEN'	=profitchart|cot!'RCSL3.22'	=profitchart|cot!'RCSL3.101_SERMEDIA'
CSAN3	=profitchart|cot!'CSAN3.DAT'	=profitchart|cot!'CSAN3.HOR'	=profitchart|cot!'CSAN3.ULT'	=profitchart|cot!'CSAN3.ABE'	=profitchart|cot!'CSAN3.MAX'	=profitchart|cot!'CSAN3.MIN'	=profitchart|cot!'CSAN3.FEC'	=profitchart|cot!'CSAN3.PEX'	=profitchart|cot!'CSAN3.VAR'	=profitchart|cot!'CSAN3.MED'	Cosan ON NM	=profitchart|cot!'CSAN3.NEG'	=profitchart|cot!'CSAN3.SEM'	=profitchart|cot!'CSAN3.MES'	=profitchart|cot!'CSAN3.6M'	=profitchart|cot!'CSAN3.ANO'	=profitchart|cot!'CSAN3.VEN'	=profitchart|cot!'CSAN3.22'	=profitchart|cot!'CSAN3.101_SERMEDIA'
JALL3	=profitchart|cot!'JALL3.DAT'	=profitchart|cot!'JALL3.HOR'	=profitchart|cot!'JALL3.ULT'	=profitchart|cot!'JALL3.ABE'	=profitchart|cot!'JALL3.MAX'	=profitchart|cot!'JALL3.MIN'	=profitchart|cot!'JALL3.FEC'	=profitchart|cot!'JALL3.PEX'	=profitchart|cot!'JALL3.VAR'	=profitchart|cot!'JALL3.MED'	Jallesmachad ON NM	=profitchart|cot!'JALL3.NEG'	=profitchart|cot!'JALL3.SEM'	=profitchart|cot!'JALL3.MES'	=profitchart|cot!'JALL3.6M'	=profitchart|cot!'JALL3.ANO'	=profitchart|cot!'JALL3.VEN'	=profitchart|cot!'JALL3.22'	=profitchart|cot!'JALL3.101_SERMEDIA'
RAIZ4	=profitchart|cot!'RAIZ4.DAT'	=profitchart|cot!'RAIZ4.HOR'	=profitchart|cot!'RAIZ4.ULT'	=profitchart|cot!'RAIZ4.ABE'	=profitchart|cot!'RAIZ4.MAX'	=profitchart|cot!'RAIZ4.MIN'	=profitchart|cot!'RAIZ4.FEC'	=profitchart|cot!'RAIZ4.PEX'	=profitchart|cot!'RAIZ4.VAR'	=profitchart|cot!'RAIZ4.MED'	Raizen PN N2	=profitchart|cot!'RAIZ4.NEG'	=profitchart|cot!'RAIZ4.SEM'	=profitchart|cot!'RAIZ4.MES'	=profitchart|cot!'RAIZ4.6M'	=profitchart|cot!'RAIZ4.ANO'	=profitchart|cot!'RAIZ4.VEN'	=profitchart|cot!'RAIZ4.22'	=profitchart|cot!'RAIZ4.101_SERMEDIA'
HBSA3	=profitchart|cot!'HBSA3.DAT'	=profitchart|cot!'HBSA3.HOR'	=profitchart|cot!'HBSA3.ULT'	=profitchart|cot!'HBSA3.ABE'	=profitchart|cot!'HBSA3.MAX'	=profitchart|cot!'HBSA3.MIN'	=profitchart|cot!'HBSA3.FEC'	=profitchart|cot!'HBSA3.PEX'	=profitchart|cot!'HBSA3.VAR'	=profitchart|cot!'HBSA3.MED'	Hidrovias ON NM	=profitchart|cot!'HBSA3.NEG'	=profitchart|cot!'HBSA3.SEM'	=profitchart|cot!'HBSA3.MES'	=profitchart|cot!'HBSA3.6M'	=profitchart|cot!'HBSA3.ANO'	=profitchart|cot!'HBSA3.VEN'	=profitchart|cot!'HBSA3.22'	=profitchart|cot!'HBSA3.101_SERMEDIA'
ARML3	=profitchart|cot!'ARML3.DAT'	=profitchart|cot!'ARML3.HOR'	=profitchart|cot!'ARML3.ULT'	=profitchart|cot!'ARML3.ABE'	=profitchart|cot!'ARML3.MAX'	=profitchart|cot!'ARML3.MIN'	=profitchart|cot!'ARML3.FEC'	=profitchart|cot!'ARML3.PEX'	=profitchart|cot!'ARML3.VAR'	=profitchart|cot!'ARML3.MED'	Armac ON NM	=profitchart|cot!'ARML3.NEG'	=profitchart|cot!'ARML3.SEM'	=profitchart|cot!'ARML3.MES'	=profitchart|cot!'ARML3.6M'	=profitchart|cot!'ARML3.ANO'	=profitchart|cot!'ARML3.VEN'	=profitchart|cot!'ARML3.22'	=profitchart|cot!'ARML3.101_SERMEDIA'
AGRO3	=profitchart|cot!'AGRO3.DAT'	=profitchart|cot!'AGRO3.HOR'	=profitchart|cot!'AGRO3.ULT'	=profitchart|cot!'AGRO3.ABE'	=profitchart|cot!'AGRO3.MAX'	=profitchart|cot!'AGRO3.MIN'	=profitchart|cot!'AGRO3.FEC'	=profitchart|cot!'AGRO3.PEX'	=profitchart|cot!'AGRO3.VAR'	=profitchart|cot!'AGRO3.MED'	Brasilagro ON NM	=profitchart|cot!'AGRO3.NEG'	=profitchart|cot!'AGRO3.SEM'	=profitchart|cot!'AGRO3.MES'	=profitchart|cot!'AGRO3.6M'	=profitchart|cot!'AGRO3.ANO'	=profitchart|cot!'AGRO3.VEN'	=profitchart|cot!'AGRO3.22'	=profitchart|cot!'AGRO3.101_SERMEDIA'
BEEF3	=profitchart|cot!'BEEF3.DAT'	=profitchart|cot!'BEEF3.HOR'	=profitchart|cot!'BEEF3.ULT'	=profitchart|cot!'BEEF3.ABE'	=profitchart|cot!'BEEF3.MAX'	=profitchart|cot!'BEEF3.MIN'	=profitchart|cot!'BEEF3.FEC'	=profitchart|cot!'BEEF3.PEX'	=profitchart|cot!'BEEF3.VAR'	=profitchart|cot!'BEEF3.MED'	Minerva ON NM	=profitchart|cot!'BEEF3.NEG'	=profitchart|cot!'BEEF3.SEM'	=profitchart|cot!'BEEF3.MES'	=profitchart|cot!'BEEF3.6M'	=profitchart|cot!'BEEF3.ANO'	=profitchart|cot!'BEEF3.VEN'	=profitchart|cot!'BEEF3.22'	=profitchart|cot!'BEEF3.101_SERMEDIA'
PCAR3	=profitchart|cot!'PCAR3.DAT'	=profitchart|cot!'PCAR3.HOR'	=profitchart|cot!'PCAR3.ULT'	=profitchart|cot!'PCAR3.ABE'	=profitchart|cot!'PCAR3.MAX'	=profitchart|cot!'PCAR3.MIN'	=profitchart|cot!'PCAR3.FEC'	=profitchart|cot!'PCAR3.PEX'	=profitchart|cot!'PCAR3.VAR'	=profitchart|cot!'PCAR3.MED'	P.Acucar-Cbd ON NM	=profitchart|cot!'PCAR3.NEG'	=profitchart|cot!'PCAR3.SEM'	=profitchart|cot!'PCAR3.MES'	=profitchart|cot!'PCAR3.6M'	=profitchart|cot!'PCAR3.ANO'	=profitchart|cot!'PCAR3.VEN'	=profitchart|cot!'PCAR3.22'	=profitchart|cot!'PCAR3.101_SERMEDIA'
RANI3	=profitchart|cot!'RANI3.DAT'	=profitchart|cot!'RANI3.HOR'	=profitchart|cot!'RANI3.ULT'	=profitchart|cot!'RANI3.ABE'	=profitchart|cot!'RANI3.MAX'	=profitchart|cot!'RANI3.MIN'	=profitchart|cot!'RANI3.FEC'	=profitchart|cot!'RANI3.PEX'	=profitchart|cot!'RANI3.VAR'	=profitchart|cot!'RANI3.MED'	Irani ON NM	=profitchart|cot!'RANI3.NEG'	=profitchart|cot!'RANI3.SEM'	=profitchart|cot!'RANI3.MES'	=profitchart|cot!'RANI3.6M'	=profitchart|cot!'RANI3.ANO'	=profitchart|cot!'RANI3.VEN'	=profitchart|cot!'RANI3.22'	=profitchart|cot!'RANI3.101_SERMEDIA'
KEPL3	=profitchart|cot!'KEPL3.DAT'	=profitchart|cot!'KEPL3.HOR'	=profitchart|cot!'KEPL3.ULT'	=profitchart|cot!'KEPL3.ABE'	=profitchart|cot!'KEPL3.MAX'	=profitchart|cot!'KEPL3.MIN'	=profitchart|cot!'KEPL3.FEC'	=profitchart|cot!'KEPL3.PEX'	=profitchart|cot!'KEPL3.VAR'	=profitchart|cot!'KEPL3.MED'	Kepler Weber ON NM	=profitchart|cot!'KEPL3.NEG'	=profitchart|cot!'KEPL3.SEM'	=profitchart|cot!'KEPL3.MES'	=profitchart|cot!'KEPL3.6M'	=profitchart|cot!'KEPL3.ANO'	=profitchart|cot!'KEPL3.VEN'	=profitchart|cot!'KEPL3.22'	=profitchart|cot!'KEPL3.101_SERMEDIA'
GMAT3	=profitchart|cot!'GMAT3.DAT'	=profitchart|cot!'GMAT3.HOR'	=profitchart|cot!'GMAT3.ULT'	=profitchart|cot!'GMAT3.ABE'	=profitchart|cot!'GMAT3.MAX'	=profitchart|cot!'GMAT3.MIN'	=profitchart|cot!'GMAT3.FEC'	=profitchart|cot!'GMAT3.PEX'	=profitchart|cot!'GMAT3.VAR'	=profitchart|cot!'GMAT3.MED'	Grupo Mateus ON NM	=profitchart|cot!'GMAT3.NEG'	=profitchart|cot!'GMAT3.SEM'	=profitchart|cot!'GMAT3.MES'	=profitchart|cot!'GMAT3.6M'	=profitchart|cot!'GMAT3.ANO'	=profitchart|cot!'GMAT3.VEN'	=profitchart|cot!'GMAT3.22'	=profitchart|cot!'GMAT3.101_SERMEDIA'
CAML3	=profitchart|cot!'CAML3.DAT'	=profitchart|cot!'CAML3.HOR'	=profitchart|cot!'CAML3.ULT'	=profitchart|cot!'CAML3.ABE'	=profitchart|cot!'CAML3.MAX'	=profitchart|cot!'CAML3.MIN'	=profitchart|cot!'CAML3.FEC'	=profitchart|cot!'CAML3.PEX'	=profitchart|cot!'CAML3.VAR'	=profitchart|cot!'CAML3.MED'	Camil ON NM	=profitchart|cot!'CAML3.NEG'	=profitchart|cot!'CAML3.SEM'	=profitchart|cot!'CAML3.MES'	=profitchart|cot!'CAML3.6M'	=profitchart|cot!'CAML3.ANO'	=profitchart|cot!'CAML3.VEN'	=profitchart|cot!'CAML3.22'	=profitchart|cot!'CAML3.101_SERMEDIA'
SMTO3	=profitchart|cot!'SMTO3.DAT'	=profitchart|cot!'SMTO3.HOR'	=profitchart|cot!'SMTO3.ULT'	=profitchart|cot!'SMTO3.ABE'	=profitchart|cot!'SMTO3.MAX'	=profitchart|cot!'SMTO3.MIN'	=profitchart|cot!'SMTO3.FEC'	=profitchart|cot!'SMTO3.PEX'	=profitchart|cot!'SMTO3.VAR'	=profitchart|cot!'SMTO3.MED'	Sao Martinho ON NM	=profitchart|cot!'SMTO3.NEG'	=profitchart|cot!'SMTO3.SEM'	=profitchart|cot!'SMTO3.MES'	=profitchart|cot!'SMTO3.6M'	=profitchart|cot!'SMTO3.ANO'	=profitchart|cot!'SMTO3.VEN'	=profitchart|cot!'SMTO3.22'	=profitchart|cot!'SMTO3.101_SERMEDIA'
MRFG3	=profitchart|cot!'MRFG3.DAT'	=profitchart|cot!'MRFG3.HOR'	=profitchart|cot!'MRFG3.ULT'	=profitchart|cot!'MRFG3.ABE'	=profitchart|cot!'MRFG3.MAX'	=profitchart|cot!'MRFG3.MIN'	=profitchart|cot!'MRFG3.FEC'	=profitchart|cot!'MRFG3.PEX'	=profitchart|cot!'MRFG3.VAR'	=profitchart|cot!'MRFG3.MED'	Marfrig ON NM	=profitchart|cot!'MRFG3.NEG'	=profitchart|cot!'MRFG3.SEM'	=profitchart|cot!'MRFG3.MES'	=profitchart|cot!'MRFG3.6M'	=profitchart|cot!'MRFG3.ANO'	=profitchart|cot!'MRFG3.VEN'	=profitchart|cot!'MRFG3.22'	=profitchart|cot!'MRFG3.101_SERMEDIA'
VAMO3	=profitchart|cot!'VAMO3.DAT'	=profitchart|cot!'VAMO3.HOR'	=profitchart|cot!'VAMO3.ULT'	=profitchart|cot!'VAMO3.ABE'	=profitchart|cot!'VAMO3.MAX'	=profitchart|cot!'VAMO3.MIN'	=profitchart|cot!'VAMO3.FEC'	=profitchart|cot!'VAMO3.PEX'	=profitchart|cot!'VAMO3.VAR'	=profitchart|cot!'VAMO3.MED'	Vamos ON NM	=profitchart|cot!'VAMO3.NEG'	=profitchart|cot!'VAMO3.SEM'	=profitchart|cot!'VAMO3.MES'	=profitchart|cot!'VAMO3.6M'	=profitchart|cot!'VAMO3.ANO'	=profitchart|cot!'VAMO3.VEN'	=profitchart|cot!'VAMO3.22'	=profitchart|cot!'VAMO3.101_SERMEDIA'
KLBN11	=profitchart|cot!'KLBN11.DAT'	=profitchart|cot!'KLBN11.HOR'	=profitchart|cot!'KLBN11.ULT'	=profitchart|cot!'KLBN11.ABE'	=profitchart|cot!'KLBN11.MAX'	=profitchart|cot!'KLBN11.MIN'	=profitchart|cot!'KLBN11.FEC'	=profitchart|cot!'KLBN11.PEX'	=profitchart|cot!'KLBN11.VAR'	=profitchart|cot!'KLBN11.MED'	Klabin S/A UNT N2	=profitchart|cot!'KLBN11.NEG'	=profitchart|cot!'KLBN11.SEM'	=profitchart|cot!'KLBN11.MES'	=profitchart|cot!'KLBN11.6M'	=profitchart|cot!'KLBN11.ANO'	=profitchart|cot!'KLBN11.VEN'	=profitchart|cot!'KLBN11.22'	=profitchart|cot!'KLBN11.101_SERMEDIA'
MDIA3	=profitchart|cot!'MDIA3.DAT'	=profitchart|cot!'MDIA3.HOR'	=profitchart|cot!'MDIA3.ULT'	=profitchart|cot!'MDIA3.ABE'	=profitchart|cot!'MDIA3.MAX'	=profitchart|cot!'MDIA3.MIN'	=profitchart|cot!'MDIA3.FEC'	=profitchart|cot!'MDIA3.PEX'	=profitchart|cot!'MDIA3.VAR'	=profitchart|cot!'MDIA3.MED'	M.Diasbranco ON ED NM	=profitchart|cot!'MDIA3.NEG'	=profitchart|cot!'MDIA3.SEM'	=profitchart|cot!'MDIA3.MES'	=profitchart|cot!'MDIA3.6M'	=profitchart|cot!'MDIA3.ANO'	=profitchart|cot!'MDIA3.VEN'	=profitchart|cot!'MDIA3.22'	=profitchart|cot!'MDIA3.101_SERMEDIA'
DXCO3	=profitchart|cot!'DXCO3.DAT'	=profitchart|cot!'DXCO3.HOR'	=profitchart|cot!'DXCO3.ULT'	=profitchart|cot!'DXCO3.ABE'	=profitchart|cot!'DXCO3.MAX'	=profitchart|cot!'DXCO3.MIN'	=profitchart|cot!'DXCO3.FEC'	=profitchart|cot!'DXCO3.PEX'	=profitchart|cot!'DXCO3.VAR'	=profitchart|cot!'DXCO3.MED'	Dexco ON NM	=profitchart|cot!'DXCO3.NEG'	=profitchart|cot!'DXCO3.SEM'	=profitchart|cot!'DXCO3.MES'	=profitchart|cot!'DXCO3.6M'	=profitchart|cot!'DXCO3.ANO'	=profitchart|cot!'DXCO3.VEN'	=profitchart|cot!'DXCO3.22'	=profitchart|cot!'DXCO3.101_SERMEDIA'
RAPT4	=profitchart|cot!'RAPT4.DAT'	=profitchart|cot!'RAPT4.HOR'	=profitchart|cot!'RAPT4.ULT'	=profitchart|cot!'RAPT4.ABE'	=profitchart|cot!'RAPT4.MAX'	=profitchart|cot!'RAPT4.MIN'	=profitchart|cot!'RAPT4.FEC'	=profitchart|cot!'RAPT4.PEX'	=profitchart|cot!'RAPT4.VAR'	=profitchart|cot!'RAPT4.MED'	Randon Part PN ES N1	=profitchart|cot!'RAPT4.NEG'	=profitchart|cot!'RAPT4.SEM'	=profitchart|cot!'RAPT4.MES'	=profitchart|cot!'RAPT4.6M'	=profitchart|cot!'RAPT4.ANO'	=profitchart|cot!'RAPT4.VEN'	=profitchart|cot!'RAPT4.22'	=profitchart|cot!'RAPT4.101_SERMEDIA'
JSLG3	=profitchart|cot!'JSLG3.DAT'	=profitchart|cot!'JSLG3.HOR'	=profitchart|cot!'JSLG3.ULT'	=profitchart|cot!'JSLG3.ABE'	=profitchart|cot!'JSLG3.MAX'	=profitchart|cot!'JSLG3.MIN'	=profitchart|cot!'JSLG3.FEC'	=profitchart|cot!'JSLG3.PEX'	=profitchart|cot!'JSLG3.VAR'	=profitchart|cot!'JSLG3.MED'	Jsl ON NM	=profitchart|cot!'JSLG3.NEG'	=profitchart|cot!'JSLG3.SEM'	=profitchart|cot!'JSLG3.MES'	=profitchart|cot!'JSLG3.6M'	=profitchart|cot!'JSLG3.ANO'	=profitchart|cot!'JSLG3.VEN'	=profitchart|cot!'JSLG3.22'	=profitchart|cot!'JSLG3.101_SERMEDIA'
SOJA3	=profitchart|cot!'SOJA3.DAT'	=profitchart|cot!'SOJA3.HOR'	=profitchart|cot!'SOJA3.ULT'	=profitchart|cot!'SOJA3.ABE'	=profitchart|cot!'SOJA3.MAX'	=profitchart|cot!'SOJA3.MIN'	=profitchart|cot!'SOJA3.FEC'	=profitchart|cot!'SOJA3.PEX'	=profitchart|cot!'SOJA3.VAR'	=profitchart|cot!'SOJA3.MED'	Boa Safra ON NM	=profitchart|cot!'SOJA3.NEG'	=profitchart|cot!'SOJA3.SEM'	=profitchart|cot!'SOJA3.MES'	=profitchart|cot!'SOJA3.6M'	=profitchart|cot!'SOJA3.ANO'	=profitchart|cot!'SOJA3.VEN'	=profitchart|cot!'SOJA3.22'	=profitchart|cot!'SOJA3.101_SERMEDIA'
TUPY3	=profitchart|cot!'TUPY3.DAT'	=profitchart|cot!'TUPY3.HOR'	=profitchart|cot!'TUPY3.ULT'	=profitchart|cot!'TUPY3.ABE'	=profitchart|cot!'TUPY3.MAX'	=profitchart|cot!'TUPY3.MIN'	=profitchart|cot!'TUPY3.FEC'	=profitchart|cot!'TUPY3.PEX'	=profitchart|cot!'TUPY3.VAR'	=profitchart|cot!'TUPY3.MED'	Tupy ON NM	=profitchart|cot!'TUPY3.NEG'	=profitchart|cot!'TUPY3.SEM'	=profitchart|cot!'TUPY3.MES'	=profitchart|cot!'TUPY3.6M'	=profitchart|cot!'TUPY3.ANO'	=profitchart|cot!'TUPY3.VEN'	=profitchart|cot!'TUPY3.22'	=profitchart|cot!'TUPY3.101_SERMEDIA'
ASAI3	=profitchart|cot!'ASAI3.DAT'	=profitchart|cot!'ASAI3.HOR'	=profitchart|cot!'ASAI3.ULT'	=profitchart|cot!'ASAI3.ABE'	=profitchart|cot!'ASAI3.MAX'	=profitchart|cot!'ASAI3.MIN'	=profitchart|cot!'ASAI3.FEC'	=profitchart|cot!'ASAI3.PEX'	=profitchart|cot!'ASAI3.VAR'	=profitchart|cot!'ASAI3.MED'	Assai ON NM	=profitchart|cot!'ASAI3.NEG'	=profitchart|cot!'ASAI3.SEM'	=profitchart|cot!'ASAI3.MES'	=profitchart|cot!'ASAI3.6M'	=profitchart|cot!'ASAI3.ANO'	=profitchart|cot!'ASAI3.VEN'	=profitchart|cot!'ASAI3.22'	=profitchart|cot!'ASAI3.101_SERMEDIA'
